text,actual_sentiment,predicted_sentiment,positive_probability
"Yowsa! If you REALLY want some ACTION, check out the babes and bombs on this non-stop thriller! Veteran star MARTIN SHEEN leads a trio of supermodels on a mission to stop nuclear terrorism... but director Dean Hamilton doesn't let this heavy plotline get in the way of massive doses of TEENSY-SWIMSUIT scenes, jiggly beach jogs, hubba-hubba hot tubs and the like! Want action? You'll get more of it here than in PEARL HARBOR. Want babes? You'll get an eyeful every two minutes. Want more? Go out and BUY THIS VIDEO! Yowsa, Yowsa, Yowsa! That's some mighty spicy meatballs!!!",Positive,Negative,0.08255339
"Any movie that shows federal PIGs (Persons In Government) to be the power-mad threats they are in real life has a lot to recommend it to me.<br /><br />Alas, the script supervision and editing and even, at times, the directing are flawed so there will be people who will disparage the whole movie and ignore the good moments.<br /><br />I saw the original way back when it was new and hated it, despised it, loathed it. Thought it was a terrible, irrational piece of junk.<br /><br />Now, though, I don't remember why.<br /><br />I believe the two should not be compared or even connected.<br /><br />Consider them as two different movies.<br /><br />Rate them as two different movies.<br /><br />This ""Vanishing Point"" provides a rallying place, a banner for people who want to encourage individualism, who believe in human rights, who recognize the threat to freedom government can be and is, especially the federal government.<br /><br />""The Voice"" wears a cap bearing the state motto of New Hampshire: ""Live Free or Die."" At one time it would have been the motto of most Americans.<br /><br />Despite its obvious flaws, ""Vanishing Point"" is a film to cheer.",Positive,Negative,0.018813407
"A long time ago, I watched this movie from the middle on cable. I then had a crush on Mary Moronov. I saw her again in Eating Raoul. I was convinced that she's the hottest woman on screen.<br /><br />I maybe biased about this movie. 9 out of 10.<br /><br />This's the only movie I own on original tape.",Positive,Negative,0.18748902
"This movie tackles child abduction from the point of view of a Mom (lisa Hartman Black) who acts like a man would in an action thriller. Unlike other movies where the focus is on the Police, here the Mom is tracking down her ex-husband who kidnapped their son. She gets help from her lawyer who eventually falls in love with her.<br /><br />Before finally catching up with her son, a lot of bizarre things happen. The Mom tries to take a child that looks like her son from a local Children's Play at a community theater. She gets caught, and then realizes it is not her child. That alone would have gotten most people put into the Mental Ward or a few months in jail waiting for trial. However, in this movie the Mom is release after a couple of hours because the victim's parents feel sorry for her. A little while later Mom breaks into her mother-in-law's house and then the Police arrive and they have their guns aimed at her but they let her run away because they recognize her (and feel sorry for her?).<br /><br />At another point in the story they have found the child, but when the Police arrive to search the house it turns out they left out the back door and got into the river on a dinghy that apparently the Dad kept around just for such an emergency escape! The Mom gets someone to lend her a raft, and even though it must have taken some time (in a real world), she and the lawyer-boyfriend, and the Police catch up to the other raft pretty fast and it is upside down in the water by landfall. Instead of getting out of the raft to search for the Dad on the land, Mom presumes he drowned the boy and she jumps into the water when she sees his life-jacket. Of course, she cannot swim and sinks like a rock. The lawyer saves her, but they miss a chance to run after the Dad. At one point the Mom is told her son died at a Clinic in Mexico. On and on it goes, and where it stops nobody knows! In some ways, this movie really exploits child abduction and it is not very positive. On the other hand, seeing a woman do all the crazy things that men do in these kind of movies was fun (or funny?).",Negative,Positive,0.685819
"As with all environmentally aware films from the 1970s SOYLENT GREEN has a rather cheesy view of what ecological meltdown is . Overpopulation means there`s too many people to feed ? I was under the impression that famines were caused by either war or failed economic policies . Stalin`s policy in the Soviet Union in the 1930s left millions dead because of famine and to this day the greatest man made tragedy was Mao`s rural policy in China which led over 30 million starvation deaths in the 1950s . And let`s not forget the great famines in the horn of Africa in the 1980s and 90s which were to do with conflicts not overpopulation . You might like to also consider that two of the most heavily populated areas on Earth , Hong Kong and Macau , have never suffered a famine in modern times . Likewise the expansion of shanty towns around cities as seen here isn`t strictly down to overpopulation - it`s down to economic factors where people flock to cities to find better paid work than in the countryside ( It`s a symptom of industrial progress - not of too many births ) so the image of the streets of New York city being too congested to walk through and of having people sleep in stairwells is somewhat laughable<br /><br />But don`t be fooled into thinking SOYLENT GREEN is a pile of corny tree hugging crap because I consider this to be the best ecological film of the<br /><br />70s . It plays on the contempary audience`s knowledge of the world where Sol and Thorn are beside themselves with joy at finding fruit , brandy and fresh meat . Thorn gasps in amazement at having ice in his whisky , puffs on a cigarette and delivers the classic line "" If I could afford it I`d smoke two , maybe three of these a day "" . But it`s the visage of the euthanasia chamber that`s memorable as Thorn gazes at the images of wild animals , flowers , running water and snow covered mountains , a world Thorn`s generation has never known . This is a very haunting scene which makes SOYLENT GREEN a very memorable film , combined with the fact it features the final screen appearance of Edward G Robinson as the wise old Jew Sol Roth",Positive,Negative,0.342799
"Kirk and crew land on a lonely planet where the sun is about to explode. They intend to evacuate the inhabitants but find the place deserted except for a Mr. Atoz who operates some sort of high-tech library. Despite trying to get a straight answer from him about everyone's whereabouts, Atoz is indifferent to their questions and insist they must quickly 'make a selection while there is still time'. They have no idea what he's talking about but wander about looking at the hand mirror-like disks on the viewers and they see images of the planet's past. Then, while a disk is in the viewer, Kirk runs through the doorway and is magically transported back in time to what on Earth would look like the time of Louis XIV (the 1660s). When McCoy and Spock follow, a different disk is in the viewer and they are sent to an ice age hell. All too late they realize that the library is a time travel machine and repository.<br /><br />While Kirk's visit is pretty short and not all that exciting, Spock and McCoy's is much more eventful, as Spock falls head over heels for Mariette Hartley--who was sent to this awful place as a punishment. The scenes with Spock are exceptionally interesting and very atypical of the normally logical guy.<br /><br />Spock's departure from the norm, the wildly inventive script and very diverse locales make this an exceptional episode--one well worth seeing.<br /><br />FYI--Ian Wolfe, the excellent character actor, played Mr. Atoz. I am a huge fan of older films and have seen him as a supporting and bit player in countless films in the 30s and 40s and he looked almost exactly like he did in this episode from 1969. Interestingly enough, despite looking ancient, he lived on another 23 years--dying at over 95 years of age!!",Positive,Negative,0.31211776
"A movie/documentary about different people in Austria on the hottest weekend of the year. It follows what they are doing and maybe more what they are not doing. The tempo is very quiet......so you have to relax.......breathe in...breathe out before you see it......<br /><br />First you think....but nothing is happening and you get a little angry over that..and thats the problem, because its the mood of the film and the really nice social realistic pictures which are nice in this film...........a lot of people will say its disgusting......but its not that bad...i think its more used for the marketing....and theres some really funny moments...a 60 old woman stripping.....i guarantee its the most unsexy striptease in film history......its movie which is real..i think thats the word......right up in your face.......and that makes it a bit scary.no computer manipulation here.....its real life...and as we all know movies can win over reality when it comes to doing sick things..........so its much worse in the real world.......<br /><br />If you survive the movie you can start to look at your neighbors and think...maybe they are like the persons in the movie...i bet theres a lot of them out there......sick...crazy people living with a nice facade........after seing the movie i feel its more interesting to look at my neighbors........<br /><br />But maybe you shouldnt see this movie on your first date.........",Positive,Negative,0.48874116
"First, this was a BRAVE film. I've seen Irreversible and can understand the comparisons. However, I cannot begin to understand the people who've trashed this film. I can see how the end may have come off extreme but I'd be lying if I didn't say I wished that every guy who's ever forced a woman into sex deserved exactly what Jared got. Conversely, it didn't solve anything or make anything better and the fact that the film doesn't pretend to is what made me appreciate it.<br /><br />The comment prior to this one called the film pathetic and claimed no adult would stick with. I certainly did and intently. I'm 24 years old. The way the film drags made it realistic to me. People have become so used to eye candy and fast paced plots on screen that if you ask them to concentrate too long on one brick in the foundation of a film, not only do they lose interest, they demolish whatever has been built, and call it rubbish. When in actuality it's their lack of patience and comprehension that needs fine tuning and not the product of a creative mind such as Talia Lugacy's.<br /><br />Rosario Dawson displayed the numbness of self-destruction flawlessly. I think she portrayed Maya pre and post assault with great ease and the transition between the two is an act I rarely ever see done well. Often times, much like the films ""aimed at teens"" mentioned in the prior comment, the effects of rape are displayed as either extremely manic and impulsive or terribly depressed, isolated and lifeless. Dawson, in my opinion, manages to perform the balancing act so many survivors fall prey to: drone-like existence in the waking hours, working some dead end job to survive (and distract) and then overindulging in vices in order to lose themselves in the haze of substance abuse rather than face what sobriety brings.<br /><br />I thought this film told the truth and I appreciated it for finally showing people a different side of rape. So many people let the end of this film devour the middle and the beginning...I believe that Maya's face during the act was the end...not the act itself...not the vengeance or the meaning behind it...just her face...<br /><br />thank you",Positive,Negative,0.022705076
"I'm studying Catalan, and was delighted to find El Mar, a movie with mostly Catalan dialogue, at my art-house video store.<br /><br />Hmmm... not so delighted to have seen it.<br /><br />Yes, as other reviewers have said, it's well-made, and beautifully photographed. Although the opening sequence of the children is shockingly violent, it's well-acted and convincing. (For the most part, that is... Would the Mallorquins strip a corpse in preparation for burial right in the middle of the town square, in full view of the dead man's 10-year-old boy?) Oh, well... minor detail. Up to this point, it had something of the feel of a non-magical Pan's Labyrinth, also set in the Spanish Civil War.<br /><br />Fast-forward, and the three children who survived the opening incident have come of age. Francisca is a nun working at a tuberculosis sanatorium and the two boys, Manuel and Ramallo, both are patients. I know, but hey, coincidences happen.<br /><br />The problem, as with so many Spanish movies (apologies to Almodovar fans), is that with one exception (Francisca) the characters are just so dang *weird*. Their motivations, personalities, and dialogue are often simply incoherent.<br /><br />What's more, it descends into some horrific wretched excess. Be prepared for LOTS of pain and LOTS of blood. The reviewer who called it a ""potboiler"" is quite on track. If it had been made 40 years ago, the poster would've said: SEE FORBIDDEN LOVE!! RAPE!! MURDER!! MUTILATION!! FANATICISM!! ANIMAL CRUELTY!! BETRAYAL!! <br /><br />The opening sequence is not nearly enough to make the personalities and relationships of the characters believable. To work, this should have had multiple flashbacks to flesh out the characters. As it is, it seems a bizarre and depressing cross between ""Brother Sun, Sister Moon"" and ""Pulp Fiction."" If that sounds like something you've got to see, by all means, enjoy. I think I go with something that doesn't make me feel I need to take a shower to wash off the gore and gloom.<br /><br />As for the Catalan, it's the Mallorqui dialect, fairly different than the Barcelona dialect, though I was surprised by the comment that said that even Barcelonans apparently needed Catalan subtitles to understand it.",Negative,Positive,0.9831693
"Made one year before ILSA, SHE-WOLF OF THE SS, BLACKSNAKE could have easily been called SUSAN, SHE-WOLF OF THE PLANTATION and it probably inspired the producers behind the Nazi sexploitation epics to go ahead with their more infamous films because the stories are identical: a gorgeous, horny, head strong (but stupid) blonde woman degrades and kills many people under her control, whom all hate her and want her dead. Sounds familiar? Director Russ Meyer and David Friedman, the producer behind the ILSA flicks, are good friends and they started their careers together. So, obviously, there's a connection there. Looking at BLACKSNAKE, I can't help but think that Russ Meyer wanted to move on and do something else than his typical busty women epics because XXX movies were all the rage during the mid 1970s, and Russ Meyer films, though filled with nudity and kinkiness and violence, were never even close to real porn. His films started to look positively quaint next to DEEP THROAT and other hard-core porno blockbusters. Meyer knew he couldn't compete with such films and BLACKSNAKE is sorta the end result of such a quandary in his career. He obviously wanted to branch out into different uncharted territory. But BLACKSNAKE bombed at the B.O. and Meyer quickly returned to making VIXEN type of films that, even if they still weren't pornographic, they were most definitely more over-the-top than any of his previous films.<br /><br />It's no wonder BLACKSNAKE was a B.O. failure. It's just terrible. Trash-o-rama. Jaw-droppingly bad. It's a quasi-campy take on slavery, if you can imagine that. The end result is jarring. One minute, we're in typical Meyer territory: exuberant, playful and silly, and then the next minute, super serious meditation on slavery and violence. Huh? It just doesn't work. The slavery/racism aspect is woefully mishandled and veers this movie in the true exploitation category. But BLACKSNAKE is not as sleazy as ILSA SHE WOLF OF THE SS and those kind of films, so I imagine fans of the latter were disappointed by it, which would explain the almost lack of interest in this movie from either exploitation fans or Russ Meyer fans. Meyer blames the failure of BLACKSNAKE because, and I quote, ""It didn't have enough breasts in it."" Well, I'm sorry Russ, but the film is just bad, breast or no breasts. But he's right though about the low breast quota. Except for Anouska and the maid, the film's cast is male. Meyer replaces his usual bevy of buxom babes with throng of hunks with massive pecs, in the form of anonymous black actors playing the slaves and the big David (Darth Vader) Prowse. And with Anouska's right hand man around, who is portrayed as a ruthless but clever gay man who enjoys the power he has over the men, one can only wonder what Meyer was really trying to create here.<br /><br />BLACKSNAKE stars David Warbeck, who is lusted after by Anouska and her right hand man. Poor David. He looks totally befuddled by the whole experience. He did seem to have fun making the movie but you can clearly see that, at times, he has no idea what's going on. And then there's Anouska Hempel. She's a beautiful woman...for the 1970s, not the 1870s. With her makeup and hair, she looks like a typical 1970s Brit pin-up babe than a turn of the century dominatrix. And her wardrobe is hilarious. At one time, she actually unzips her leather boots! I didn't know they had zippers in those days. But the character she plays is, in itself, really degrading (no pun intended). She's nothing but a cipher to the object of lust and scorn of every men (and that woman) on the island. For example, one night, when David and Anouska are getting it on, her annoying slave driver walks in the room, knocks David unconscious and tries to rape her, groping her savagely. The next day, the slave driver is still working for Anouska and the two act as if nothing had happened. It's totally ludicrous. Under any circumstance, had her character been a real person, Anouska would have whipped the slave driver senseless and kicked his butt off the island. Or even killed him. But the fact that the woman keeps him on her plantation after he tried to rape her is stretching the flimsy story and characters' credulity to the max.<br /><br />Ridiculous details like this, and the thoroughly startling blaxploitation angle makes BLACKSNAKE a strangely unpleasant but watchable movie. Watchable in the train wreck variety. I just couldn't help but watch the film for the utter baseless aspects of it all (the excellent cinematography sorta makes it easier to watch). So, this being an exploitation film, I guess it succeeded in doing what it was supposed to do. But BLACKSNAKE is mainly for Russ Meyer completists.",Negative,Positive,0.77847946
"This film is beautiful to look at, but is like watching really bad experimental theater. The plot (if there was one) doesn't make any sense. But it is very ""artistic"". Lots of shots of half-dressed actors wrestling and looking deep into each other's eyes. Lots of arty shots through windows and with people out of frame. Mumbling and people wandering wistfully. Lingering close-ups of faces and bodies. By the time you get to the threesome on the roof with the cat, you'll be ready to throw a bottle of KY at the screen.<br /><br />It is supposed to be about a father and son's relationship, but you will just be wishing the two of them would just f*$& each other and get it over with. If you have always wanted to see bad Russian gay porn without any money shots, your wish has been granted.",Negative,Positive,0.9410633
"I agree with all the accolades, I went through a box of tissues watching this film. It had a gritty authenticity and rang true in every way.<br /><br />The question I'm about to raise represents a current sensibility regarding the treatment of animals. I had a very difficult time with the beginning slaughter of sheep and goats, and the dying deer with its pulsing neck and pooling blood as its life drained away was hideous.<br /><br />This is the age of ""no animals were hurt in the production of this move."" Iphigenia was made in the late 70's before the advent of computer simulation. Was it possible to fake these animal deaths? Or were these animals slaughtered for art?",Positive,Negative,0.19296798
"Well what I can say about this movie is that it's great to see so many Asian faces. What I didn't like about the film was that it was full of stereotypes of what typical racial characters would do in their role. The Asian girl without confidence who has to play someone else to get ahead, the white guy infatuated with Asian culture and chooses to leave his white world behind for the land of yellow and the ""keeping it real"" black cab driver. Plus all the coke, shanghai tang and dunkin donuts product placement was a bit too obvious. The story plot itself was fun but pretty much how I thought the story would unravel. Then again when watching romantic comedies you can't expect much but then again I would have been wanted to just be surprised at least once. The parents are the best part of the flick.",Negative,Positive,0.96499836
"When I was 11, Grease 2 was like crack. It was a classless, shameful, euphoric, and powerfully addictive experience. My sister and I would watch it, rewind it, and watch it over again and again and again until we passed out or became too confused and hostile to stand one another. So, if you are an 11-year old girl, and you reviewed this film as ""brilliant"" or ""fun"" or ""better than the original Grease,"" you have your fledgling adolescent hormones to blame and you can rest assured that this unyielding fixation with utter rubbish will pass.<br /><br />If, however, you are not a little girl, you have absolutely no excuse to suggest that Grease 2 was anything but an inane, artless, slipshod embarrassment for all who participated in its production, distribution, and/or consumption.<br /><br />For the sake of criticism, I will dignify the film now by explaining why it blows <br /><br />1. In a well-executed musical, the songs should advance the narrative or develop the characters. In Grease 2, with a few debatable exceptions, to the music is obscenely pointless. Most of the songs appear to relate gimped innuendo about sex in an excessive and general way (""Score Tonight,"" ""Reproduction,"" ""Do It For Our Country,"" and ""Prowlin'"") without making one concrete statement about any of the film's characters or themes. Plus, all of the music is uncomfortably stupid and no one in the cast demonstrates even the crudest semblance of an ability to sing or dance.<br /><br />2. The T-birds should be badass, and if not at least somewhat likable, but instead each of them is an annoying wussy-dufus-loser. In the end, when Johnny Nogerelli offers Michael the sacred T-bird jacket and initiates him into the gang, Michael should kick it to the ground, spit on it, and duck away to fervently scrub any part of his body that was touched by it. But of course, he accepts it as if it is gold because despite the fact that they are a bunch of bumbling meatheads, there is no greater honor than to be one with the T-birds. <br /><br />3. Since Michael is beautiful, smart, kind, resourceful, and above average in everyway (his musical impotence notwithstanding), it is feasible that Stephanie would ultimately embrace him when he reveals himself to be the man behind the mask. Stephanie, on the other hand, is a slovenly, slack-jawed, bubble gum smacking, dirty sweatshirt wearing, gracelessly rude and trashy dingbat. So aside from being pretty (I guess), she harbors no likable characteristics, thus, audiences are given no justification whatsoever for the depth of Michael's attraction to her.<br /><br />I could go on and on, but I didn't want to mention the gross inferiority to its predecessor since there are apparently so many cranks out there who seem to feel that such a comparison is unfair. I will say this though, to those of you who think you want to revisit this mess for old time's sake: Grease 2 is an experience akin to re-living your first kiss. Only you are 32 now and kissing a snot-nosed 13-year old kid with acne and slobby braces. The magic is gone and you are left feeling dirty and disturbed. Trust me.",Negative,Positive,0.55018526
"Well, I just discovered that there is a show more disgusting and shocking than ""Little Britain"" and I like it! ""The League of Gentlemen"" is a sick British comedy that is about the most awful, insane and disgusting small town in all the UK. This place makes Dibley and Craggy Island (from ""The Vicar of Dibley"" and ""Father Ted"") seem pretty normal!! The format of the show is a lot like LITTLE Britain except that all of it centers around the townspeople of this one hellish town. Both shows feature the same skits again and again every episode and some obviously inspired ""Little Britain"" (particularly the job seeking class skit). But the show differs because although it is crude like ""Little Britain"" (hence not a show for kids), the show has a sick and sadistic quality that sets it apart from all these shows. In particular, animal cruelty and serial killing are recurring themes throughout the show.<br /><br />Now if you haven't guessed, this is NOT a show for kids, the easily offended or normal people and that's probably why I liked it. However, you really do need very thick skin and a love of the awful to enjoy this to the max. Funny and incredibly irreverent beyond belief--you have to see it to believe it.",Positive,Negative,0.20607984
"This version is pretty insipid, I'm afraid. Jane Eyre is one of my favorite books and has been since childhood, but William Hurt's weary, throwaway acting style is completely unsuitable to the bold passion of Edward Rochester and poor Charlotte Gainsbrough looks like a bored, petulant teenager whose dental braces hurt! I also can't believe that they eliminated Edward's great marriage proposal scene from the end of the book, one of the most moving moments in literature. I do appreciate that they finally used such a young, plain woman to play Jane, a character who is supposed to be a worldly 18, but if you want to see a version that closer approximates the personalities and passions of the novel, please see the 70's version with George C. Scott and Susannah York. York was too old, tall and pretty to play Jane, but no one has touched Rochester's character the way that Scott did.",Negative,Positive,0.6445895
"WWE was in need of a saviour as Wrestlemania 14 rolled around. The departure of Bret Hart and subsequent evaporation of the Hart Foundation had left the Vile D-Generation X stable unchallenged in the WWE. Their despicable leader Shawn Michaels had stolen the title from Hart thanks to the interference of Vince McMahon and, with help from his cohorts Triple H and Chyna had systematically taken out anyone who challenged his supremacy. But at the Royal Rumble a new contender had emerged. Stone Cold Steve Austin. Hated by McMahonagement, Austin had DX worried. So worried in fact that they'd enlisted the help of ""The Baddest Man on the Planet"" Mike Tyson as a special enforcer. Austin would have the odds firmly against him in his title match with Shawn Michaels.<br /><br />But first, there was an undercard to get through which kicked off with the Legion of Doom winning a forgettable 15 team battle Royal to become NO.1 contenders for the tag titles. I'd actually forgotten this match existed until I rewatched the PPV. No very good and really highlighted the lack of depth in the tag division at that period in time.<br /><br />Next match saw the Light Heavyweight title defended by Champion Taka Michonoku against Aguila. The WWE had established the Light Heavyweight Title to compete with the strong Cruiserweight Division in WCW. It was not successful and this was the only time the title was ever defended at Wrestlemania. Short match, going about five minutes, and in fact too short for much to be achieved. What little they did was exciting and this was a nice little match which saw Taka retaining his title.<br /><br />OK, our next match saw DX member Triple H defending the WWE European title, which he'd won in farcical fashion from Shawn Michaels on RAW in December and hadn't defended on PPV, against Owen Hart, the Sole Survivor. Triple H got a big entrance with the DX band there to perform his theme song. Chyna accompanied Triple H to ringside, but was then handcuffed to WWE Commissioner Sgt Slaughter. Triple H and Owen have a nice little match, before Chyna interfered causing a low blow on Hart which leads to Triple H retaining the title. Good match, could have been great had it gone slightly longer.<br /><br />But of course we wouldn't want to take time away from our next match which saw real life husband and wife Marc Mero and Sable defeat Goldust and Luna Vachon in the first mixed tag match at Wrestlemania in 8 years. And, in all honesty, it wasn't worth the wait. While not terrible, the match was in no way memorable either. This was the nearing the end of Mero's only run in the WWE and the main purpose was to continue the disintegration of his relationship with Sable.<br /><br />Next up we saw Ken Shamrock flip out and cost himself the Intercontinental Championship as he destroyed IC Champion The Rock, but then refused to let go of his ankle lock submission hold, resulting in the referee reversing his decision. This was a short match, but decent for what it was.<br /><br />Next saw the first good match of the night as WWE Tag Team Champions the New Age Outlaws lost their titles to Cactus Jack and Chainsaw Charlie in a fun dumpster match. The decision was overturned the following night as Cactus and chainsaw had thrown the Outlaws into a dumpster backstage, rather than the one being used in the match, but this was still a fun match.<br /><br />NOw it was time for the highly anticipated first ever meeting between Kane and his brother the Undertaker. Kane had cost Undertaker the WWE Championship at the Royal Rumble and then ""killed"" him when he helped Shawn Michaels lock Undertaker in a casket and set him on fire as revenge for the Undertaker burning down their parents house and leaving him horribly disfigured years before. This was a decent match and told a nice story as the Underataker absorbed everything Kane could throw at him and then knocked him out with three tombstones to end the match.<br /><br />This left only the main event which saw WWE Champion face Steve Austin with Mike Tyson as the guest enforcer. Michaels had suffered a debilitating back injury in his match with the Undertaker at the Royal Rumble and was remarkable in this match despite his physical limitations. Triple H and Chyna were banished to the back in the early going after interfering from the outside. The match ended with Austin ducking an attempt at Sweet Chin Music and hitting the Stone Cold Stunner with the ref down. TYson then came into the ring to count the three, celebrating the win with Austin and then knocking out Michaels after the match. It turned out Tyson and Austin were together and the cat had been playing with the mouse all along.<br /><br />That was the final PPV match for Shawn Michaels for four and a half years. It helped establish Austin as the biggest star in the wrestling business and the mainstream publicity garnered by Tyson's appearance proved a crucial turning point in the WWE's battle with WCW. Austin would go on to become the biggest star in WWE History, and along with the Rock, Mick Foley, the Undertaker and Triple H lead the WWE through the period where they would gain their highest level of cultural relevance. And it all started here at Wrestlemania 14.",Positive,Negative,0.10500962
"What an overlooked 80's soundtrack. I imagine John Travolta sang some of the songs but in watching the movie it did seem to personify everything that was 80s cheese. Clearly movies that rely on mechanical bulls, bartenders and immature relationships were in style. The best was his lousy Texas accent. Compare that to Friday Night Lights.I suggest watching Cocktail and Stir Crazy to start really getting into the dumbing down of film. Also, as a side note Made in America with Ted Danson and Whoopie Goldberg is an awesomely bad movie. I was so shocked to realize I had never watched it. One more weird movie of this genre would have to include Cadilac Man with Robin Williams. Just remember all of these BIG stars played big roles in these CHEESY movies.. Tom Cruise, Richard Pryor, Robin Williams and John Travolta",Positive,Negative,0.029769154
"Robert Culp (they call his character ""doctor""...I think he's a vet or something) and family move to an affluent, low-tax, zero-law-enforcement suburb. Lantern-jawed Culp and his dog are nearly killed when some local idiot neighbor kids get drunk and ""go cruising"" through his front yard at 60mph. He presses charges, which arouses the kids' ire, and suddenly him and his family are the victims of a violent and disturbing prank campaign.<br /><br />Marilyn Manson, er, Marlyn Mason rather, plays his fretful, boiled-celery wife, who urges him not to use violence against his sneering nemeses, and who really just wants to move somewhere with decent public services. But The System is getting Culp nowhere, and he's not about to leave his house because of some punk kids and their crazy rock and roll music. And we all know what movie people do when The System fails...(but this is based on a true story, which makes it even better).<br /><br />It should be noted that while the villainous hooligans do have convenient '70s funk-o-matic ""teenage"" theme music that warns us when they're up to no good, this film actually ends up treating the age brackets even-handedly (really!). It doesn't make a big generational thing out of it. Kudos for that.<br /><br />Anyway, if you like dogs (or at least believe in protecting their civil rights, like me), and you like justice, and you like fire, and you like justice for dogs by way of fire, and you think people who skitter nervously out of troubled communities are ""too damn soft,"" then this flick's ethos is up your alley. No, it's not really ""good,"" at least not in any widely recognized sense of the word. There's nothing subtle or understated or clever about it, it's just sort of a feature-length PSA for vigilantism. It does, however, capture the feeling of some memorable scenes in other, beloved works. Remember in Frank Miller's The Dark Knight Returns when Batman leads the Mutants on horseback to reclaim Gotham City? Remember that scene in A Christmas Story where the kid pounds the bully's face in? Remember how cool that was? Or do you just really hate being looked at funny by your neighbors? Yeah, mon.<br /><br />Unfortunately, this was a 1973 made-for-TV movie that I just happened to catch at 4am on my local WB affiliate, and it's probably not destined for DVD release. But after being inspired by this film, do you think I'm gonna just sit here and take it!?!",Positive,Negative,0.062351126
"Sadly, the print of the film we were going to watch burned in the fire at Universal Studios last week, so we were stuck with video. That could even be a metaphor for this second-rate King Kong movie from Toho studios' stalwart director Ishiro Honda. Essentially it's a warm up for ""King Kong versus Godzilla"". It even uses the idea of a Mecha-Kong, like Mecha-Godzilla. Of course the movie climaxes with King Kong fighting Mecha-Kong on top of the expo tower in Tokyo, but if you didn't know that already then maybe you're in the age group that this movie was intended for.<br /><br />The cast is headed by a guy named Rhodes Reason who we had never heard of... glancing over his list I see mostly a lot of scattered American TV credits, so it's interesting that they dragged him all the way to Japan so that they could have a nominal American hero. The real hero of the movie is the more sensitive Japanese commander played by Akira Takarada, who I recognized from Hiroshi Inagaki's iconic version of ""Chushingura"" (47 Ronin) and also from the original Godzilla films by Honda. I'm sorry Rhodes Reason whoever you are, but this guy has way more screen presence and you can bet that everyone wants him to end up with the cute little blonde, played by Linda Miller. We laughed at the way Reason would always find a way to interject himself between Miller and Takarada, who it seemed like she kind of preferred. Of course like all Kong leading ladies her primary relationship is with the King himself. She discovers a nice trick: if you talk to a giant ape really..... really.... slowly..... he'll understand what you're saying. And if you're a blonde gal, that means that he'll do whatever you tell him to do. That fact is not lost on Dr. Who (Eisei Amamoto) and Madame Piranha (Mie Hama) -- representing a ""nation which shall not be named"" -- who plan on using her as bait to get Kong to dig up mineral deposits that are trapped at the North Pole.<br /><br />Yes, this is truly the plot of the whole movie -- apparently only a giant ape is going to be capable of digging out these minerals which can be used to make super powerful weapons. Dr. Who builds Mecha-Kong to get it but the circuitry gets in the way, so they decide to go for the real Kong. Kong himself seems momentarily infatuated with Mecha-Kong, a story element that might have made the film more interesting but wasn't followed up on.<br /><br />By the end of the movie, the cute blonde has shouted ""Kong"" or ""King Kong"" in her chirpy voice so many times that when the two heroes tell her to let him go at the end they're speaking for all of us. Basically this movie squanders whatever majesty was possible in the Kong character by making him a heroic and friendly figure much too early, just like the newest version of the story. Kong is just a guy in a suit in this movie, and they show quite a lot of him to the point where the goofy face becomes impossible to take seriously. It's a nice looking movie, I'm sure it satisfies the demands or desires of fans of this type of thing, which is really more of a wrestling film than a monster film in a lot of ways. The monsters don't ever really scare in these films, they just jump around and push each other around a lot. It's not a worthless movie, but it's extremely predictable and formulaic so for anyone under the age of 10 or so it probably will only be entertaining as comedy.",Negative,Positive,0.82027483
"At the beginning of the film, you might double-check the DVD cover and re-read the synopsis a couple of times, but no worries. It's NOT ""Memoirs of a Geisha"" that you purchased; just a movie with an intro that is much more classy and stylish than it has any right to be. Still, the opening is by far the best thing about the entire movie, as it shows how in the year 1840 a Samurai sword master catches his wife committing adultery. He decapitates the two lovers before doing some hara-kiri (ritual suicide through disembowelment). Cut to present day, when the American Ambassador in Japan welcomes a befriended family and drives them up to the same house where the aforementioned slaughter took place nearly one and a half century ago. From then onwards, this becomes a seemingly routine haunted house flick yet the utterly retarded and implausible script still makes it somewhat exceptional. Let's start with the good aspects, namely the original Japanese setting and the presence of the delicious Susan George who is my all-time favorite British horror wench (well, together with Britt Eckland, Linda Hayden and Ingrid Pitt). The bad aspects simply include that the screenplay is incoherent, imbecilic beyond repair and full of supposedly unsettling twists that only evoke laughter. The restless spirits of the house soon begin to entertain themselves by perpetrating into the bodies of the new tenants and causing them to do and say all sorts of crazy stuff. The spirit of the massacred adulterous woman particularly enjoys squeezing into Susan's ravishing booty and transforming her into a lewd seductress! In this ""possessed"" state, she even lures the American ambassador outside to have sex in the garden of a high society diner party full of prominent guests. So, strictly spoken, it's not really ""evil"" that dwells in the house; just a trio of sleazy ghosts with dirty minds and far too much free time on their long-dead hands! Obviously these scenes are more comical than frightening, especially since the light-blue and transparent shapes remind you of the cute ghost effects that were later popularized in ""Ghostbusters"". ""The House Where Evil Dwells"" is probably the least scary ghost movie ever. Throughout most of the running time, you'll be wondering whether director Kevin Connor (who nevertheless made the excellent horror films ""Motel Hell"" and ""From Beyond the Grave"") intentionally wanted to make his movie funny and over-the-top, like ""Motel Hell"" maybe. But then again, everyone in the cast continues to speak his/her lines with a straight and sincere face, so I guess we are nevertheless supposed to take everything seriously and feel disturbed. ""The House Where Evil Dwells"" is never suspenseful or even remotely exciting and it doesn't even contain any grisly images apart from the massacre at the beginning. I am fully aware of how shallow it sounds, but the two scenes in which Susan George goes topless are the only true highlights. Well, those and maybe also the invasion of cheesy and ridiculously over-sized spiders (or are they crabs?) in the daughter's bedroom. How totally random and irrelevant was that? If you ever decide to give this movie a chance notwithstanding its bad reputation, make sure you leave your common sense and reasoning at the doorstep.<br /><br />Trivia note for horror buffs: keep an eye open for the demon-mask that was also a pivot piece of scenery in the brilliant Japanese horror classic Onibaba.",Negative,Positive,0.972416
"**************Possible spoilers********** There is only one reason why I saw this movie and that was because I have a massive crush on Richard Belzer.(I don't know that much about humor) There were some part that were funny Like the Barbie and Ken Spoof and the dealers and the president skit. Mind you this is sometimes raunchy(Dare, I say crude?) It was at times funny, but it could have been better. Probably if they spent more time in the humor and less time getting women undress, the movie would had been funnier. Some skits just make you want to gag, and cringe, others skits make you laugh and oddly enough think. Sadly this movie is dated. If you have a mad crush on Richard Belzer(So worth it) it's worth checking it out and seeing chevy chase.",Positive,Negative,0.022724437
"Two adventurous teenagers, best friends, take a trip to Thailand for one last experience before separating and going off to college. It seems like a fun time of touring an exotic land, until they meet an attractive stranger who seduces them into taking a trip to Hong Kong and puts drugs in their luggage. They get nabbed by the local police and find that justice in Asia is very different from justice in the U.S.<br /><br />This is the main story line for ""Brokedown Palace"" and it was a good one. The film does a decent job of portraying the arbitrary and corrupt justice systems of third world nations. Actually, the portrayal was rather mild, as the prison conditions are often far worse than depicted. It serves as a reminder that no matter how bad we think our justice system is, it is pristine by comparison to much of the rest of the world.<br /><br />Unfortunately, there were too many contrived situations in the film that hampered the story. The whole escape attempt was bogus fantasy. To think that friends would be able to smuggle money for a bribe into the prison in a padded bra, and not be discovered by the guards who were systematically checking everything brought in from visitors, assumes that either the guards or the viewers are utter blockheads.<br /><br />The story also fails to bring closure to the nagging question of how the drugs got in Alice's (Claire Danes) backpack. Did she actually agree to transport the drugs? We are left to guess. It was intriguing to be kept guessing about the girls' innocence throughout the film, but we finish the movie never really knowing if one or both of the girls might be guilty. Except for this considerable flaw, the ending was excellent and the results unexpected.<br /><br />The acting by Claire Danes and Kate Beckinsale was very solid and well done. Danes, who has been oversold and over hyped, actually arrived as an actor in this film. Though her portrayal was frequently immature (as was her character), she improved as the film progressed and the circumstances became more dire. Beckinsale, in contrast has been flying under the radar her whole brief career and shines as the goody-two-shoes who suddenly finds herself in prison. Her's was the best performance in the film.<br /><br />Bill Pullman was miscast as the lawyer. His wry and diffident style is an asset in films like ""While You Were Sleeping"", but as a lawyer in a third world country on a crusade to free two innocent girls from injustice, he had the wrong personality.<br /><br />The tourist's look at Thailand was interesting, but it didn't make me want to go there.<br /><br />Overall, an entertaining film made implausible in parts by the insertion of some ridiculous scenes. I gave it a 7/10.",Positive,Negative,0.14730792
"The idea of making a film about the Beatles sounds doomed idea, as no production can catch the idea of the actual historic Beatles. Then it is perhaps best not to try to recreate the past, but to produce an illustration that works best with the other available Beatles material. This is exactly what 'Birth of the Beatles' offers to us, the simple story known to us without any extravaganza.<br /><br />*** SPOILERS here on *** <br /><br />Be warned that not everything is that accurate as some Beatles-graduates might expect. The Beatles are seen performing songs that hardly were even composed by that time. The Beatles perform ""Ask Me Why"", ""P.S. I Love You"" and even ""Don't Bother Me"". The Beatles-graduates should see that if the Beatles on the film only performed songs that they actually did at Hamburg, the younger viewers might not anymore recognize the Beatles they have learned to know them. Of that original Hamburg repertoire only ""Johnny B. Goode"" and Stu Sutcliffe's ""Love Me Tender"" are retained.<br /><br />The guys who play the Beatles in this production scarcely look like the originals, but the rest of the film still make good viewing as the film is for the rest fairly accurate. The guy who plays Lennon does it good and the rest of the band are not bad either. Brian Epstein is great and the moment when he sacks Pete Best from the group is probably the most memorable scene in the whole film. Also as a bonus you get to see the original Cavern club in the film.",Positive,Negative,0.3880399
"CRIME BOSS is directed by Alberto De Martino; an Italian crime drama partially filmed in Hamburg, Germany. An easily forgotten movie. Even in spite of a good car chase sequence, this flick seems to lumber on almost aimlessly. A new Don takes over a powerful Mafia family and finds himself fighting for his own life. Unwritten laws and ethics of the Mafia code make it hard to trust in anyone especially when millions of dollars are at stake. Brutality and violence breed the same in return. This can not be put on a shelf with the real gangster epics. Just the look of the film brings back memories of American drive-in fare. Even the popular American actor Telly Savalas can't boost the calibre of this crime drama. Antonio Sabato also stars with:Paola Tedesco, Guido Lollobrigida, Serio Tramonti and Piero Morgia.",Negative,Positive,0.96270436
"Paul Armstrong is a liberal, Scottish-born, professor of law at Harvard, known for his passionate opposition to the death penalty, who is hired to take on the case of Bobby Earl, a young black man from Florida who has been convicted of the rape and murder of Joanie Shriver, an eleven year old white girl. Earl claims that his confession to the crime was obtained under duress by a sadistic police officer and that the real murderer is Blair Sullivan, a serial killer already under sentence of death for several other murders. Armstrong visits Sullivan in his cell on death row, hoping to persuade him to confess to Joanie's murder, thereby saving Earl from the electric chair. <br /><br />At first all goes well. Sullivan confesses and Earl is released from prison when the appeal court quashes his conviction. As this development takes place only a little after halfway through the film, it is at this point that alarm bells will start ringing in the mind of the viewer. ""Warning! Major plot twist ahead!"" And so it proves. The anticipated twist soon materialises. Earl, it transpires, is actually guilty of the crime of which he has just been acquitted, and probably of several others as well, but hatched a diabolical plan together with Sullivan in order to secure his freedom; Sullivan will confess to Joanie's murder if Earl will murder his parents. (Just why Sullivan wanted his parents dead is never precisely explained). Armstrong now finds that he is himself in danger from the man whose life he has just saved; Earl has a grudge against Armstrong's wife, herself a lawyer, who acted as Counsel for the prosecution in an earlier case when Earl was accused of rape. <br /><br />""Just Cause"" is an example of the auto-cannibalism in which Hollywood sometimes likes to indulge, cobbling together one film by recycling themes and plot devices from a number of others. The first half owes an obvious debt to films like ""Intruder in the Dust"" and ""To Kill a Mockingbird""; about the only difference is that the Sheriff who beats a confession out of Bobby Earl is himself black, whereas in earlier films he would have been white. (Police brutality is now an equal opportunities activity). The central twist in the plot was borrowed from Costa-Gavras's ""Music Box"", although in that film the revelation does not occur until the very end. The finale, in which a lawyer, his wife and their young daughter are in danger from a former client, is an obvious plagiarism of the two versions of ""Cape Fear"", which also take place in the swamplands of the American South. Ed Harris' characterisation of Sullivan as a Bible-quoting religious maniac is a direct imitation of Robert de Niro's character in the Scorsese version of ""Cape Fear"", made four years before ""Just Cause"". <br /><br />(There is a postscript. Just as ""Just Cause"" borrowed heavily from several other movies, seven years later its central plot twist was, in its turn, to be blatantly plagiarised in the Ashley Judd vehicle ""High Crimes""). <br /><br />The trouble with this style of film-making-by-numbers is that the resulting films are generally much less distinguished than those which inspired them. The whole is normally very much less than the sum of the parts, and ""Just Cause"" is a much lesser film than any of those which were cannibalised to make it. Harris is normally a gifted actor but this is one of his weakest performances, largely because he is not so much playing a character as playing de Niro playing Max Cady. Blair Underwood is OK as Bobby Earl the (supposedly) innocent young man of the early scenes, but unconvincing as Bobby Earl the murderous psychopath of the later ones. Sean Connery as Armstrong and Laurence Fishburne as the black Sheriff are rather better, but neither is good enough to save the film. (Connery and Harris were to act together in another, better, film, ""The Rock"", the following year). <br /><br />There is another problem with ""Just Cause"". The first half of the film looks like a standard liberal ""issue"" movie, anti-death penalty, anti-racist and critical of heavy-handed policing. The second half looks more like the work of a die-hard reactionary, preaching the message that all criminals are evil bastards, that the only way to deal with them is to fry them in the chair, that liberal lawyers are the useful idiots of the criminal fraternity and that police officers who beat up suspects are to be commended as heroes. The filmmakers seem to have been blissfully unaware that the plot twist casually introduced into the middle of their film had the (presumably unwanted) effect of reversing its political stance, or if they were aware of the problem they ignored it. A suitably convoluted plot was obviously thought to be more important than political consistency. 4/10",Negative,Positive,0.94682604
"The Japanese have always had incredible ambitions in their fantasy movies. They have always been ready to destroy cities by huge plastic monsters coming from outer space and elsewhere. The problem is they have never had the money to succeed in making convincing special effects. This film, released in France under the title Les envahisseurs de l'espace, is no exception. Its ambition is to show three creatures from the giant octopus to the giant lobster trying to have the upper hand on the humans. It's extremely awkward and laughable, but well quite enjoyable too. After all, we do like these creatures and these films after all, don't we?",Negative,Positive,0.97614485
"It's a strange feeling to sit alone in a theater occupied by parents and their rollicking kids. I felt like instead of a movie ticket, I should have been given a NAMBLA membership.<br /><br />Based upon Thomas Rockwell's respected Book, How To Eat Fried Worms starts like any children's story: moving to a new town. The new kid, fifth grader Billy Forrester was once popular, but has to start anew. Making friends is never easy, especially when the only prospect is Poindexter Adam. Or Erica, who at 4 1/2 feet, is a giant.<br /><br />Further complicating things is Joe the bully. His freckled face and sleeveless shirts are daunting. He antagonizes kids with the Death Ring: a Crackerjack ring that is rumored to kill you if you're punched with it. But not immediately. No, the death ring unleashes a poison that kills you in the eight grade.<br /><br />Joe and his axis of evil welcome Billy by smuggling a handful of slimy worms into his thermos. Once discovered, Billy plays it cool, swearing that he eats worms all the time. Then he throws them at Joe's face. Ewww! To win them over, Billy reluctantly bets that he can eat 10 worms. Fried, boiled, marinated in hot sauce, squashed and spread on a peanut butter sandwich. Each meal is dubbed an exotic name like the ""Radioactive Slime Delight,"" in which the kids finally live out their dream of microwaving a living organism.<br /><br />If you've ever met me, you'll know that I have an uncontrollably hearty laugh. I felt like a creep erupting at a toddler whining that his ""dilly dick"" hurts. But Fried Worms is wonderfully disgusting. Like a G-rated Farrelly brothers film, it is both vomitous and delightful.<br /><br />Writer/director Bob Dolman is also a savvy storyteller. To raise the stakes the worms must be consumed by 7 pm. In addition Billy holds a dark secret: he has an ultra-sensitive stomach.<br /><br />Dolman also has a keen sense of perspective. With such accuracy, he draws on children's insecurities and tendency to exaggerate mundane dilemmas.<br /><br />If you were to hyperbolize this movie the way kids do their quandaries, you will see that it is essentially about war. Freedom-fighter and freedom-hater use pubescent boys as pawns in proxy wars, only to learn a valuable lesson in unity. International leaders can learn a thing or two about global peacekeeping from Fried Worms.<br /><br />At the end of the film, I was comforted when two chaperoning mothers behind me, looked at each other with befuddlement and agreed, ""That was a great movie."" Great, now I won't have to register myself in any lawful databases.",Positive,Negative,0.25461212
"If this is supposed to be a portrayal of the American serial killer, it comes across as decidedly average.<br /><br />A journalist [Duchovny] travels across country to California to document America's most famous murderers, unaware that one of his white trailer trash travelling companions [Pitt] is a serial killer himself.<br /><br />Rather predictable throughout, this has its moments of action and Pitt and Lewis portray their roles well, but I'd not bother to see it again.",Positive,Negative,0.10182733
"(This is a review of the later English release by Disney, featuring Alison Lohman, Patrick Stewart, and co.) <br /><br />I really wanted this film to be good. Really, really. I'm a huge fan of Princess Mononoke and Spirited Away, and after seeing all the glowing reviews on this earlier Miyazaki film, I was eager to see it. But I was shocked, shocked I say, at the quality of this film. Those later films boast well-crafted plots, 3-dimensional characters, and the best film music since...well...ever. This film just doesn't come close.<br /><br />Might as well start w/ the positive aspects, though. Like all Miyazaki films, this one is still very imaginative, with a bizarre fantasy/sci-fi setting, in a post-apocalyptic world where insects are the dominant species. Nausicaa can also boast some far superior animation to other films from its time. (though not as beautiful and fluid as Miyazaki's later films) And the English voice acting is quite well done.<br /><br />But this film...just...isn't...good... The characters are all cardboard - from saccharine sweet little Nausicaa, to the ruthlessly evil Tolmekians, to everyone in between. Once you've seen each of them for 30 seconds, you've seen all there is. And the fact that the plot just ambles along doesn't help.<br /><br />Then there's the music... Now, Hisaichi is hands down my favorite film composer, but Nausicaa doesn't do him justice. Half the music is 80's keyboards on overdrive, and it usually enters and leaves so abruptly that it distracts the visuals rather than helping them. I highly suspect that Hisaichi was told to compose a lot of the music before he even saw the picture.<br /><br />But wait! There's a great message with this film, right?! Let's all save the environment! Too bad that this film hits you over the head with it like a sledgehammer. There is a scene in which Nausicaa hugs a tree. No, really. I ain't kidding.<br /><br />It makes me a little sad to talk about how lame this film is. But for some reason all the other reviews on IMDb seem to adore it. And when the characters have to talk to themselves in extended sentences to tell you what's going on, that's lame.<br /><br />If you're the kind of person who worships anime, enjoys 80's music, and plants a tree every Arbor day, you will probably like this film. Otherwise, save your money for his later films, because they rock big time.",Negative,Positive,0.98388875
"In a way, this film reminded me of ""Jumping Jack Flash"". Remember Whoopi Goldberg at the shredding machine? Whoopi zonked out tranquilizers? Whoopi as Blind Lemon and imitating Mick Jagger? Great moments captured on film for sure but the movie still kind of sucks, right? That's how I feel about ""Rich In Love"". A man hears his wife sing for the first time. Post-coital teenagers talk about the nature of love. Albert Finney eats ice cream out of bucket and, in another scene, has a lovely waking moment regarding his absent wife. Alfre Woodard adds another colorful character to her acting wardrobe. But there's only the whisper of a plot here and you can't wait for it to Get Moving. Only when ex-Go-Gos' Charlotte Caffey's The Graces revs up a great pop song does the picture wake up...and then it's over!<br /><br />This picture is the equivalent of a lazy summer's day in the deep American South.",Positive,Negative,0.074642465
"I caught the last half of this movie on cable one night and was struck by just how morbid it was. Even when one of the two victims is at his most deteriorated, the camera keeps going. the lingering shots of his corpse being uncovered and his concentration-camp figure being zipped into a body bag are both moving and depressing. don't watch this movie if your already depressed. then again don't watch it if your feeling really good.",Positive,Negative,0.0147834215
"My former Cambridge contemporary Simon Heffer, today a writer and journalist, has put forward the theory that, just as British film-makers in the eighties were often critical of what they called ""Thatcher's Britain"", the Ealing comedies were intended as satires on ""Attlee's Britain"", the Britain which had come into being after the Labour victory in the 1945 general election. This theory was presumably not intended to apply to, say, ""Kind Hearts and Coronets"" (which is, if anything, a satire on the Edwardian upper classes) or to ""The Ladykillers"" or ""The Lavender Hill Mob"", both of which may contain some satire but are not political in nature. It can, however, be applied to most of the other films in the series, especially ""Passport to Pimlico"".<br /><br />Pimlico is, or at least was in the forties, a predominantly working-class district of London, set on the North Bank of the Thames about a mile from Victoria station. It is not quite correct to say, as has often been said, that the film is about Pimlico ""declaring itself independent"" of Britain. What happens is that an ancient charter comes to light proving that in the fifteenth century the area was ceded by King Edward IV to the Duchy of Burgundy. This means that, technically, Pimlico is an independent state, and has been for nearly five hundred years, irrespective of the wishes of its inhabitants. The government promise to pass a special Act of Parliament to rectify the anomaly, but until the Act receives the Royal Assent the area remains outside the United Kingdom and British laws do not apply.<br /><br />Because Pimlico is not subject to British law, the landlord of the local pub is free to open whatever hours he chooses and local shopkeepers can sell whatever they please to whomever they please, unhindered by the rationing laws. When other traders start moving into the area to sell their goods in the streets, the British authorities are horrified by what they regard as legalised black-marketeering and seal off the area to try and force the ""Burgundians"", as the people of Pimlico have renamed themselves, to surrender.<br /><br />Many of the Ealing comedies have as their central theme the idea of the little man taking on the system, either as an individual as happens in ""The Man in the White Suit"" or ""The Lavender Hill Mob"", or as part of a larger community as happens in ""Whisky Galore"" or ""The Titfield Thunderbolt"". The central theme of ""Passport"" is that of ordinary men and women taking on bureaucracy and government-imposed regulations which seemed to be an increasingly important feature of life in the Britain of the forties. The film's particular target is the rationing system. During the war the system had been accepted by most people as a necessary sacrifice in the fight against Nazism, but it became increasingly politically controversial when the government tried to retain it in peacetime. It was a major factor in the growing unpopularity of the Attlee administration which had been elected with a large majority in 1945, and organisations such as the British Housewives' League were set up to campaign for the abolition of rationing. I cannot agree with the reviewer who stated that the main targets of the film's satire were the ""spivs"" (black marketeers), who play a relatively minor part in the action, or the Housewives' League, who do not appear at all. The satire is very much targeted at the bureaucrats, who are portrayed either as having a ""rules for rules' sake"" mentality or a desire to pass the buck and avoid having to take any action at all.<br /><br />I suspect that if the film were to be made today it would have a different ending with Pimlico remaining independent as a British version of Monaco or San Marino. (Indeed, I suspect that today this concept would probably serve as the basis of a TV sitcom rather than a film). In 1949, however, four years after the end of the war, the film-makers were keen stress patriotism and British identity, so the film ends with Pimlico being reabsorbed into Britain. One of the best-known lines from the film is ""We always were English and we always will be English and it's just because we ARE English that we're sticking up for our right to be Burgundians"". There is a sharp contrast between the rather heartless attitude of officialdom with the common sense, tolerance and good humour of the Cockneys of Pimlico, all of which are presented as being quintessentially British characteristics.<br /><br />Most of the action takes place during a summer drought and sweltering heatwave, but in the last scene, after Pimlico has rejoined the UK the temperature drops and it starts to pour with rain. Global warming may have altered things slightly, but for many years part of being British was the ability to hold the belief, whatever statistics might say to the contrary, that Britain had an abnormally wet climate. The ability to make jokes about that climate was equally important.<br /><br />There is a good performance from Stanley Holloway as Arthur Pemberton, the grocer and small-time local politician who becomes the Prime Minister of free Pimlico, and an amusing cameo from Margaret Rutherford as a batty history professor. In the main, however, this is, appropriately enough for a film about a small community pulling together, an example of ensemble acting with no real star performances but with everyone making a contribution to an excellent film. It lacks the ill-will and rancour of many more recent satirical films, but its wit and satire are no less effective for all that. It remains one of the funniest satires on bureaucracy ever made and, with the possible exception of ""Kind Hearts and Coronets"" is my personal favourite among the Ealing comedies. 10/10",Positive,Negative,0.38754228
"Five years after the original Creepshow, another inferior horror sequel is penned by George A. Romero and Stephen King: Creepshow 2. This time there are only three stories instead of five. None of the three stories is really original or distinguished either. The first story is a horror staple, formulaic story about a wooden Indian statue seeking revenge against the killers of its owners. The effects are really neat in this story, but it's just too familiar to be compelling enough. George Kennedy and Dorothy Lamour play the elderly store owners. The second story, ""The Raft"", is a Stephen King story. It's about four teenagers that unwittingly spend the day on a wooden pallet in the middle of an isolated lake. Soon the kids are screaming for their lives as a watery blob does each of them in for no apparent reason. However, instead of being suspenseful, the kids are saddled with bad dialog and dopey-headed behavior, preventing us from really caring about what happens next. There is also some unintentional humor in this segment. The third and final story is ""The Hitch-hiker"", which is actually a retread re-adapted for Creepshow 2. The original story, by Lucille Fletcher, was filmed in 1953 as a film noir suspense film. Then it was adapted for a famous Twilight Zone episode featuring Inger Stevens. ""The Hitch-hiker"" works the best out of these three offerings, but it's not without its problems either. Lois Chiles plays a cheating spouse, who ends up running over a hitch-hiker, or so she thinks. However, we don't know whether to sympathize with her or condemn her. As in many average stories of this type, the characters exist merely to tell the stories with their twists and turns. The wrap around story with the bullies seems a bit out of place. Tom Savini appears as the ""creep"" in this installment. The good thing is there haven't been any more sequels. *1/2 of 4 stars.",Negative,Positive,0.8175936
"Over the last 20 years the majority of British films are about how horribly poverty stricken the UK is and how our youth doesn't stand a chance of a good life whilst they live on the mean streets of British cities. The British film industry is obsessed with the idea of 'broken Britain'. Trainspotting, This is England, Kidulthood, Football Factory, Kes and From London to Brighton.<br /><br />Bullet Boy is just another British movie added to that list. The main character expresses a desire to go straight yet he still insists on hanging around with dead beats who carry guns and fight with gang members over nothing. I was never convinced that he did want to go straight as there was nothing stopping him pursuing an education or a trade. In fact it would have been a breath of fresh air if he had of gone straight and we had a character who turned his life around. Instead he spends his time helping his friend trying to commit murder. I felt no sympathy when he is predictably shot by another teen at the end of the film, which is sad because at the beginning of the film I really liked the entire family and their desire for success. I believe the makers missed a great chance to show the world that success belongs to those who are willing to really strive for it (like the Pursuit of Happiness). <br /><br />I know the purpose of this film was to try and paint a realistic picture of what life is like for black teens living in working class areas of Britain but don't we already have enough films in the UK with that very same plot? Isn't it time these talented producers and writers give Britains youth something to aspire to and show them a better life is just around the corner?<br /><br />I applaud the makers of Bullet Boy for not loading the film full of mindless violence in order to try and get success through shock factors (like Kidulthood, Football Factory) but at the same time this movie offers nothing new to a long list of British films that are effectively dull and depressing to watch. There is no happy ending to this movie or any of the others I have mentioned.",Negative,Positive,0.9694164
"I appreciate a think positive feel good about yourself film, but this is too much. In the end they look like a bunch of loonies. This film is one of those finding yourself 70's plots, I know the film is made in 1980. A lot more of Clint and girl friend movie. This movie is a 3/10.",Negative,Positive,0.7933133
"I have only seen Gretchen Mol in two other films (Girl 6, Donnie Brasco), and don't really remember her, but she did a great job as a naive girl who posed for pictures because it made people happy.<br /><br />She really didn't think what she was doing was wrong, even when she left the business and found her religion again.<br /><br />The photos she made were certainly tame by today's standards, and it is funny seeing men with cameras get all excited, and politicians pontificating on the evils of pornography. David Strathairn (Good Night, and Good Luck) played a super part here.<br /><br />Mary Harron (American Psycho) wrote and directed an outstanding biopic of the most famous pinup girl ever.",Negative,Positive,0.9841994
"i got a copy from the writer of this movie on soulseek. I have to say it is pathetic and just plain painful to watch the two cops act, but i watched the movie as a joke and since it is a homage to august's underground which i happened to have seen it is in my book as an awesome movie. Its quality and everything about it is pretty bad but its entertaining and something to talk about amongst your friends. Reminds me of troma but good stuff. I recommend seeing this under two conditions, if you are bored and need a good laugh, or high, otherwise just let it be. Recommended download for sure. o and the killings are pretty funny. like when the zombie rips the Satan worshipers dick off and stabs someone in the head with it.",Negative,Positive,0.72334766
"Watching this again recently, I found it heartwarming to see the way they sincerely tried to bring the book to the screen, even if the shoestring budget and hammy actors meant inevitable failure. By any objective measure this was a disaster, but I found it easy to imagination how good a Lord of the Rings movie could be if someone was to make one sincerely - and with the money to employ the most talented artists and script writers. Unfortunately, thanks to Jackson, that will not be possible for a long time.<br /><br />Watching this movie left me with the impression that with any sort of budget at all, then this story simply couldn't be stuffed up. Fantasy just provides so many opportunities for making an interesting film. There were many moments in this film that were potentially more interesting than the way that Peter Jackson did it, although of course you always have to use your imagination due to the poor execution. The way they tried to show the wraith world from Frodo's point of view for example. Or the way that Galadriel showed Sam what was happening back home for another.<br /><br />Another thing I really appreciated in this version - the silent moments. There were moments when dialog was spoken with no background music against a still back-drop. Compare that to the grandiose swooping camera of the Jackson films, and the intrusive score which seemed designed to stress how each and every scene was the most poignant and powerful scene we had ever watched. Jackson's films were full of their own importance, this was quieter and a lot more modest.<br /><br />Jackson and co hit this with more than US$270 million dollars in production costs, at least $90 million dollars more for marketing, a massive tax break from the NZ government, and also gained massive savings from filming in NZ not the USA. However, despite the marketing claims, the intention to be faithful was never there. This is well documented. Philippa Boyens said as much in an interview, when she said they deliberately didn't re-read the books before writing the script. Jackson also stated that they originally intended to make a fantasy film ""along the lines of"" the lord of the rings, and that the one he really wanted to do was Return of the King, because it had a lot of battles but no character development.<br /><br />In contrast, this film tried to be more true. Of course a lot of things were wrong, the acting was awful and pretty much sunk everything, and the pace was too fast. Naturally they cut a lot, and adapted other scenes, and for this they deserve credit. While Jackson added a lot of action scenes that served no plot purpose, Bakshi cut book scenes which did nothing to advance the plot anyway. There's actually a curious similarity between the structure of the Jackson and Bakshi films near the beginning - in that they both deviate from the original books in the same way - although of course some of this could be coincidence.<br /><br />This was not a good film, but the potential was there. Bakshi said in an interview to the Onion AV club that only animation could do the lord of the rings justice. His version didn't work, but he might have been right.",Negative,Positive,0.81704473
This was an excellent idea and the scenery was beautiful but that's where it ends. It seemed like a lackluster Set It Off meets The West. The plot barely made any sense. There were so many characters and not enough time to develop their personalities. There were too may unnecessary things going on that didn't pertain to the plot nor did it help further the story along. There were also long blank moments where the plot could have been explored but was used for silence or unnecessary conversations. The script should have made more sense as well as the directing. I had a huge question mark on my head watching this movie. But the casting was great in my opinion. If you're only watching for eye candy then this is the movie for you.,Negative,Positive,0.5223881
"when you get to the scenes that involve Albert Brooks without his shirt... try not to gag on a fur ball.<br /><br />I like Albert Brooks. I've seen most, if not all of his movies but it was the first time seeing this one. Modern Romance is an interesting take on the subject of love. There are few movies that handle the desperation of love as well or as overtly as Modern Romance, although 1979's Chilly Scenes of Winter comes very close. They both essentially deal with obsessed men that are too psychologically attracted/obsessed to their respective women.<br /><br />Where-as Chilly Scenes of Winter borders on the subject stalking, this movie has a more grounded foundation with the subject of love because both people are already in a relationship.. and out of the relationship.. and back in it again.<br /><br />And because it's a movie that was released in 1981, it is of its time in terms of styles and such. That's the main reason I like this movie. My basic rule when it comes to movies is ""If it sucks at least it may have some historic relevance"", you know time capsule stuff.<br /><br />Which leads me to the horrific scenes of Albert Brooks sans shirt.<br /><br />The man is hair. Very hair. Like he's wearing a black curly fur sweater-hairy. And what's worse is he almost looks burn victim-hairy. It's not a pleasant sight and the scenes with him without a shirt go on and on. Back in the early 80's hairy men were seen as normal and nothing shocking. But in 2009 the sight of something like this is just plain revolting. Sorry, Albert! I wish at some point someone said ""hey let's try this scene but with you wearing a simple t-shirt, I mean you might scare people"". It's just really bad and I feel sorry for the poor pretty actress that had to deal with Albert Brooks naked body on top of hers. She was probably pulling out his hairs from her teeth for days after that.<br /><br />Anyway, it's an OK movie. It could have been better if I hadn't see Albert Brooks without his shirt for what seemed like 10 long continuous minutes because that will forever taint my viewing of this movie.",Negative,Positive,0.9810456
"We all know that some of the greatest movies of all time were based on books. While not particularly accurate adaptations, these movies were nonetheless excellent films. Some great examples are the Harry Potter series, the Lord of the Rings trilogy, and, to a lesser extent, almost every Disney film ever made. However, I must regretfully announce that A Wrinkle in Time is not one of those movies. Not only does it fail to meet some of the most basic expectations of Madeleine L'Engle's fan base, it manages to defy the standards of scriptwriting, acting, special effects and, ultimately, respect for the audience. Mind you, I'm not trying to be mean; on the contrary, I went into this affair with an open mind. I figured that a made-for-T.V. movie would make up for its lack of razzle-dazzle in its script. After all, the Star Wars spin-off Ewoks was decent, if a little silly. Come to think of it, the original Star Wars was made on ""a lunch money budget"", and look where it took George Lucas! However, from the first scene onward, disappointment started enveloping me as if I'd gotten too close to the Black Thing while tessering. <br /><br />The same way Greedo shooting first became the symbol of the Star Wars Special Edition of 1997 (a disaster of monumental proportions involving a disgruntled director making several hideous changes to a beloved classic), Mrs. Whatsit has officially become my personal symbol for the confusion and stupidity that is A Wrinkle in Time. The reason for this is the fact that she has been mutated beyond belief. Aside from the slightly controversial decision of casting Alfre Woodard (Star Trek: First Contact and Radio) as our favorite star-turned-mentor, the filmmakers decided it appropriate to introduce her as a crow. That's right, a crow. Moreover, the heavenly centaurion form of this greatly beloved character has been hacked at by what looks to be a demented eight-year-old; the majestic half-man, half-horse with wings has become a huge human head with a creepy smile mounted awkwardly on the bowlegged body of a horse that happens to be sporting a pair of wings in the middle. Had I been five, this would have psychologically traumatized me for life. The worst part is the fact that when it spoke, it was shown from behind so as to avoid the responsibility to lip sync, resulting in a scene that was spent looking at the back of its head and seeing a single, unmoving cheek, thus rendering the piece of special effects less believable than E.T.<br /><br />Having gotten the most painful part out of the way, I must go on to the tear-inducing one: the characters, the acting, and the story. I, personally, had always imagined Meg to look somewhat similar to Moaning Myrtle from the Harry Potter films: plain hair, glasses, and a figure most supermodels would find laughable. She was always a slightly anxious, humorously pessimistic math genius who quite simply could not have cared less about the imports and exports of Nicaragua. In the film, she is an unpleasant know-it-all for whom I have no sympathy whatsoever. In fact, she makes me feel sorry for poor Mr. Jenkins, her school principal, who continuously has to deal with her. Calvin, the kind, intelligent kid who everyone thinks is a jock has becomea jock! The irony is horrible. As for the memorable Happy Medium, they took the pleasant old woman who liked to look at happy things and replaced her with a being who is ""above gender"" and likes to look at ""funny"" things, such as girls falling off of swings. The only three people I can think of who did a decent job are Charles Wallace, Mrs. Whatsit and the Man With Red Eyes (nicknamed ""the Dude With Red Eyes"" due to his complete reinvention as a character).<br /><br />The story is a mess. A good comparison to this aspect of the movie is Harry Potter and the Prisoner of Azkaban, which didn't do a good job of retelling the story found in the book, yet kept the sole of the original work. Here, the sole of the book is having a pleasant chat with Hades down in the underworld, apparently unaware that its body is being destroyed. As the Dark Lord complements the sole on how well it showed that truth has to be felt and not seen, the flat-nosed wookies of Ixchel (who replace the wondrous beings who hold Aunt Beast among their ranks) tear the spine up. As the God of the Dead notes how subtle the terror of the Earth-like Camazotz was, the torn pages are scattered in the sandstorm and lost in the darkness of the land of evil. <br /><br />I am very sorry that this film exists. I do not believe that the actors were genuinely bad. It's the way the characters are written that ruins it. A Wrinkle in Time deserved to be adapted by Lawrence Kasdan, directed by George Lucas or Steven Spielberg, enhanced at Industrial Light and Magic, scored by John Williams, given its sound at Skywalker Sound, edited by THX and marketed by Twentieth Century Fox. In its current state, the film is unworthy to be shown to self-respecting people. Even Madeleine L'Engle thought it was bad. The book was Good, the film was Bad, and Mrs. Whatsit was Ugly.<br /><br />Score: 0.1/10 (If I could) <br /><br />Pros:<br /><br />They got the names right. <br /><br />Cons: <br /><br />It had horrible problems with the Cliffs Notes level of adaptation, script, acting and special effects, not to mention lack of evidence of ever having read the book. Oh, and the main cover/poster has a picture of the three main characters riding a flying horse over a castle. Some might say that this symbolizes high adventure. I say it symbolizes the irresponsibility of the cover artist who didn't even bother to Photoshop Meg's arm on properly.",Negative,Positive,0.5540821
"I was drawn to this movie the moment I saw a preview of it on Oscar night. When I read about Kay Pollak, I was hooked. We Americans are suckers for a comeback kid.<br /><br />I understand this movie was a huge draw in Sweden. As a very provincial American I can only speculate on the reason. Perhaps it is because of the provocative joke that the Lena character makes at the beginning of the movie and other social comment but perhaps it is because of the central message which I believe has the same appeal everywhere in affluent societies.<br /><br />The message of this movie for me is the same as the movie Titanic. Life is short people and as far as anyone really knows it's all we've got. It can be taken away at any time. So isn't it a pity that we spend so much time hiding behind walls separating us from other people because we're so afraid of being hurt? Tearing down the walls is painful but feeling alive lies on the other side of those wretched walls. Feeling alive is worth taking the risk. Give and you will receive. So start living NOW.<br /><br />Many people are criticizing this movie for it's lack of characterization and other flaws. I say you are all pseudo-sophisticated. Get a grip folks, it's a parable, a fable for we affluent westerners who are materially rich but whose souls are in abject poverty.<br /><br />So join a choir or a band or help build housing or distribute food for those less fortunate than you. Spread some joy and make the world a better place as long as you get out and commune with your fellow man. Writing a check is not enough. We are a social species by the way. Even the humblest of your fellow human beings can affect you in ways you never thought possible.<br /><br />Rugged individualism has its place but it is over-rated.",Positive,Negative,0.2797361
"I used to always love the bill because of its great script and characters, but lately i feel as though it has turned into an emotional type of soap. If you look at promotional pictures/posters of the bill now you will see either two of the officers hugging/kissing or something to do with friendships whereas promotional pictures of the bill a long time ago would have shown something to do with crime. This proves that it has changed a lot from being an absolutely amazing Police drama to an average type of television soap. When i watch it i feel like I'm watching a police version of Coronation Street or something similar. I have to say i still like the bill as I'm interested in Police work and that type of thing but i really miss the greatness that The Bill used to have. I want to rate it as 2 out of ten because you have to admit it has been totally ruined by the people who took the bill over.<br /><br />As for the script and characters they have both gone downhill, most of the great characters are gone now (although a few still remain i think) and I'm not saying that the newer characters are poor or anything because they definitely aren't, its just that they lack the tough looks, personalities and script lines that all of the old characters used to have because most of the new ones are at the moment involved with silly relationships and family trouble.<br /><br />Overall being one of the only Police programs on television these days, The Bill will always be a crappily interesting thing to watch, but like i say it has lost a lot of its uniqueness (if thats the right spelling) and would now be classed as a terrible, unreal television soap.<br /><br />Recommended to watch for a good laugh over the stupidity of the police officers involved - 2/10",Negative,Positive,0.97000825
"There are many kinds of reunion shows. One kind is where old actors are taken out of mothballs and set to recreate characters they haven't played for twenty or thirty years. These have mixed results. `Return to Mayberry', despite some silliness, was okay; `Return to Green Acres' as execrable (Eddie Albert used a word for the script I won't repeat here, but both it and the movie stink); `Rescue from Gilligan's Island' filled in a necessary gap in the story of the castaways, though the show itself was silly even from a `Gilligan's Island' viewpoint. In most cases, the scripts are weak; sometimes a silliness appears in the scripts that is too knowing  and in comedy it's nearly always fatal for the characters to know they're being funny. New characters are introduced who don't fit the mix. In the main, these reunion shows are pretty weak. A second sort of `reunion' show is the kind where the cast lays its past aside but sits around, telling stories, reminiscing, interspersed with flashbacks from the shows. Then there are movies based on the shows, which are rarely good; and movies based on the history of the show (`The Brady Bunch' has had both of these happen to it, with various results).<br /><br />`Return to the Batcave' uses nearly all the above, with a wonderfully twisted viewpoint, which makes it the best of the reunion shows, and has raised the bar for the others.<br /><br />Adam West and Burt Ward and summoned to a showing of the original Batmobile. While they are there, the car is stolen. <br /><br />The Adam West of the movie is a man demented. He called Jerry, his butler, `Alfred'. He opens a bust of Shakespeare in his apartment and reveals a hidden pole to slide down to the parking garage. He's obsessed with being a crime fighter, when in fact he's merely a washed up actor. When the Batmobile is stolen he not only believes it's his duty as a crime fighter to recover it, he drags and unwilling Burt Ward in as his assistant.<br /><br />The pursuit is largely loquacious, with West and Ward reminiscing about the old days. It is broken by `flashbacks' with actors playing West and Ward in the old days. The modern scenes and the `flashbacks' both have the wacky lack of reality the show maintained. There are also running gags that show West is able to make fun of himself: in Ward's book about his time on the show, he spoke frankly about West's libido and also his being a skinflint (West makes Ward pay for everything in their pursuit, down to tips and bus fare). The clues they follow, the characters they meet (even in flashback) all fit the mentality of the old series, and there are several homages, including a fist fight with written sound effects.<br /><br />The whole thing is extremely funny and done with great panache. There are also cameos by Julie Newmar (looking like she's had one facelift too many) and Frank Gorshin, reminding us why he has such a cult following. Gorshin will be the Riddler when Jim Carey, his obvious successor, is long forgotten. The movie builds to a fairly obvious but funny climax.<br /><br />This show is a model for reunion shows  unfortunately, there are few that can fit the pattern. This show had actors replaying their old characters; young actors playing a movie about the making of the show; the actors West and Ward reminiscing; and a modern-day movie with the real Adam West playing the demented Adam West. It has everything. If you loved the old show, this is the stopper on the bottle.",Positive,Negative,0.023654249
"""The big goodbye"" introduces us to the first holodeck adventure, in this case Captain Picard posing as private investigator Dixon Hill. This episodes creates some sort of standard pattern, repeated several times on TNG as well as DS 9 and Voyager. After entering the holodeck something goes wrong and the characters have to deal with the program under different circumstances beyond playing a game (represented by the failure of the holodeck's safety program). <br /><br />This concept is used to expand Star Trek's possibility and enabling a kind of genre-mix. Picard's Dixon Hill stories are examples of 1940s crime fiction and their representation on the screen are referred to as Film Noir often having the stereotype antihero in the lead (see for example Chandler's Marlowe stories or Polanski's all time classic ""Chinatown""). Star Trek never focuses on the story (mostly it's a simple ""how-do-we-get-out-of-here"" scenario) but enables the actors to take a different approach to their characters. Those Holodeck ""games"" are commonly used for recreation and reflect the private interests of the crew members. Therefore the technical aspect is always neglected and from that point of view the stories are never sound (but did Star Trek ever had a technical, scientific point to it, I mean besides some utopic concepts?).<br /><br />""The big goodbye"" shows a relaxed Patrick Stewart, a McFadden that hardly ever looked better in a Star Trek episode (at least the early ones) and Data has some great scenes, too (although I find it hard to believe that pulling the lamp's plug out of the wall would have really surprised him, for the fact that he'd done research on that period and its customs). Wesley continues turning peaceful Trekkies into potential murderers (why didn't they take him to the holodeck and let the gangsters finish him off?) but all in all this one's fun...",Positive,Negative,0.08300999
"I was worried that my daughter might get the wrong idea. I think the ""Dark-Heart"" character is a little on the rough side and I don't like the way he shape-shifts into a ""mean"" frog, fox, boy I was wrong, This movie was made for my kid, not for me. She ""gets it"" when it went over (under?) my head. Of course I don't ""get it"". This isn't one of the NEW kids movies that adults will ALSO enjoy. This is straight for the young ones, and the crew knew what they were doing. There isn't any political junk ether. There's no magic key that will save the world from ourselves, nobody has the right to access excess, and everyone isn't happy all the time. And as a side benefit, nobody DIES! russwill.",Positive,Negative,0.11278939
"Despite the gravity of the subject and probably the good intentions of the filmmakers to make a film addressing white supremacy, the inconsistencies of its main character, Bronson Green, aspiring New York actor easily turned L.A. phony, makes it hard to take the story seriously. Green, who is constantly rejected by Los Angeles casting agents for being obsolete (i.e. too New York when the 80s is looking for big, blonde, and dumb), he finds success comes easily when he's willing to succumb to falsifying his image. Unfortunately, the new hair dye and pacified ""surfer"" attitude lands him an acting opportunity with the Jericho Church, which subscribes white supremacist teaching of the Aryan nation. Green is willing to easily forget his past, and particularly turning his back on his young black friend of ten years, in order to be the Church's new spokesman. This makes no sense, seeing as how principled our character initially is. It is this sudden, and loose change in character, coupled with an abrupt reversion back to the hardened, DeNiro-obsessed (as his Taxi Driver character) form who is able to battle the villains. A noble attempt on the filmmakers, but one that ultimately reveals itself as anything but serious.<br /><br />The other characters, too, are quite annoying and what we are forced to recognize in them comes too easily -- the psychotic paranoia of the Church leader, the self-interested actress girlfriend (the first girlfriend Bronson has when he's in L.A.), and the new blonde girlfriend who's character lacks so much development, she is, for the most part, just a walking, talking void. We are just supposed to see them in fleeting moments in which something random forces us to draw assumptions about the characters. But there is really little development of any of them.<br /><br />The other problem with this film is the ungodly amount of time the characters are involved in very little important action. Much of the beginning concerns introducing the characters, obviously, and later we see Bronson's difficulties with breaking into the L.A. acting scene and the frustrations which stem from constant rejection. But after he does willingly change his looks and personality in order to become accepted, there is at least a good twenty minutes to thirty minutes of wasted film in which very little of anything happens.<br /><br />For films that seek to draw attention to the irrational fears behind racism, this was not one done with enough credibility.",Negative,Positive,0.95713806
"David Mackenzie's follow-up to the brilliant Young Adam wants to be a feel-good underdog story of a lonely voyeur who is trying to confront some psycho-sexual issues with his dead mother. It wants to be gritty, realistic, and mysterious. At the same time, it wants to be funny and nonjudgmental of its disturbed lead as he establishes himself as an adult.<br /><br />To meet this end, the film tries hard to be youthful. Its poster has hand-drawn letters looking like that of Juno. Its original soundtrack is comprised of fast-paced indie rock which tries to convince the audience that Hallam is OK; just a little misguided. But strangely the film is anything but youthful.<br /><br />Like Young Adam this film's central mystery concerns a drowned woman- in this case Hallam's mother. Young Adam keeps its mystery quiet, contemplative, and paced well enough to hit you with the truths as they come. Hallam Foe does the opposite. It foregrounds its character's psychosis so clearly and so early that he never really does anything outside his expected parameters. The opening scene is Hallam in his treehouse watching his sister fooling around with her boyfriend. Hallam swiftly interrupts, asserting his presence in the household. Here we see everything that Hallam will do for the rest of the movie.<br /><br />The mystery surrounding his mother's drowning is whether it was suicide or murder by his father's girlfriend. The audience can never really trust Hallam because, besides being creepy, we think his obsession has led him close to insanity. This hindered the mystery element for me because Hallam is too sporadic to be relatable. Right when he's found some clues that would support his claim he runs away from home, at first it appearing to be looking for the police. Then he gets extremely sidetracked by a girl who resembles his mother, which frustratingly leads the story away from the mystery element.<br /><br />While Jamie Bell does bring out some very endearing traits in his lost character, he was limited by the obviousness of his psychological needs. This movie is in no way mysterious, yet it is not blunt either. It tries to be realistic in dealing with such issues, but it adds a very self-conscious spunk which registers itself as quite the opposite. It goes for a soundtrack-heavy, Trainspotting attitude to help the audience root for a protagonist who scales buildings, picks locks, and camps out for the sake of voyeurism. These urban peeping tom adventures Hallam engages in are way too difficult for an inward-drawn country boy to engage in and they are not sexy, giddy, or pleasant. They are more neutral than anything; not propelling the character or story. Mackenzie makes you understand Hallam, yet he fails to build common ground.<br /><br />He expects you to enjoy Hallam's trials and tribulations without much ideological justification. The film hinges on its audience's perspective on voyeurism/the kind of person who engages in it. Obviously, most people would be disgusted by it. And Hallam Foe realizes that, but it does not let us see Hallam weigh the morality of his decisions. He goes from person to person, trying to fill his deep void. There is a particularly disturbing line from Hallam's love interest Kate where she drunkenly says ""I love creepy boys,"" perhaps asking the audience to do the same. The line tries to foreshadow her understanding of him (her motivation remains vague throughout) and tries to further us from judging him. It's not hard to like Hallam, but it is very hard to participate in his adventure- if it is even an adventure at all. All the while, the film tries to use its flamboyant soundtrack to mask its indecisive mood.<br /><br />Great performances are weighed down by a film with a weak third act, muddy development, and needlessly ambiguous direction from Mackenzie. Recently this film was re-named for a US release, and for what reason? Not only is it more unappealing, but the hard truth is that the Hallam character never earns the title 'mister.'",Negative,Positive,0.9683359
"Hitchcock was of the opinion that audiences aren't really interested in what puts protagonists into danger - only that they ARE in danger, and need to escape.<br /><br />This film proves Hitchcock was not 100% correct. Police believe Jean Simmons is guilty of a crime, when she plainly isn't. Trevor Howard decides their best course of action is to run for it. And so, the body of the movie has our charismatic pair dodging on and off trains, buses and coaches - jumping across rocks at the top of a waterfall - scrambling across dockyard roofs.<br /><br />All good exciting stuff - but I couldn't get out of my mind that it was all unnecessary. They should have stayed put.<br /><br />In other words, the MacGuffin wasn't strong enough.",Positive,Negative,0.18402672
"On the face of it, Ruiz has set out to make a psychological thriller. Although it's not as satisfying as a classic piece in that genre, there are compensations. The tensions generated between Huppert and Balibar as women calmly but calculatingly at war over a boy they both claim are compelling; however, in a true European art-house style, Ruiz doesn't give us release of this tension as the women alternately also try to behave compassionately towards each other. The only raised voice is that of Huppert's waking from a nightmare (an uncontested irrational event in the film).<br /><br />In fact, if we follow the title, the film is as little about its thriller skeleton as Jane Campion's In The Cut. Instead it is an intergender psychological study focusing on men. The boy, Camille (Nils Hugon), decides on a practical joke, playing his mother off against an emotionally vulnerable other woman. Both women seem to pander to him rather than scold and this compounds the problem. In the background is an intemperate psychologist (Charles Berling), swift to confront the women in his life - his sister Huppert, the nanny or his pa - and so acting as a symbolic adult counterbalance to the, calm and (we learn) manipulative Camille. It is particularly interesting that, like the father in Henry James' The Turn of The Screw, Denis Podalydes' law-enforcer Father is absent for the duration of the film. Ruiz fashions an Oedipal moment out of Huppert's reaction to his return at the film's close.<br /><br />Read either as a thriller or as a psychiatric essay, this film is ultimately rather disappointing. I'm officially rather fed up with Mme Huppert's screen method, which is too buried and so I'll be looking to see her on stage before I come back to her (European - enjoyed Heaven's Gate) films again. The support is good. Ruiz does the cast no favours though. Quite apart from some poor lighting and some wilfully odd shots, its as if his direction has left characterisation quite out of reach - I'm thinking particularly of Edith Scob's Shamanic neighbour to Isabelle, who acts knowing but communicates bafflement. The set pieces do not link up to a forward driving plot - the tension I have already referred to is not only weakly dissipated but wasted in its directional potential.<br /><br />Want to see a good contemporary French thriller? Go and see L'Appartement instead. 4/10",Negative,Positive,0.837813
"THE JIST: See something else.<br /><br />This film was highly rated by Gene Siskel, but after watching it I can't figure out why. The film is definitely original and different. It even has interesting dialogue at times, some cool moments, and a creepy ""noir"" feel. But it just isn't entertaining. It also doesn't make a whole lot of sense, in plot but especially in character motivations. I don't know anyone that behaves like these characters do.<br /><br />This is a difficult movie to take on -- I suggest you don't accept the challenge.",Positive,Negative,0.29929247
"Ah, clichés, clichés, clichés; They're a main part of a wide variety of horror films.This one, has a lot of them.Still, it's Stephen King, one of the best masters of horror. This movie was really good, just TOO predictable. And what horror movie doesn't have stupid people? This one is overcrowded with retarded victims just practically begging for their life to be taken. Pet Semetary I found to be creepy a little. The way everything is set up was REALLY spooky, but not terrifying. For the most part, the acting was SOMEWHAT believable, the suspense wasn't that suspenseful, but the entertainment level is set at a major rank; My eyes were practically glued to the screen.All Stephen King fans must see this movie, but as for anyone else, expect an OKAY thriller.",Positive,Negative,0.044884585
"Oh my, I think this may be the single cheesiest movie I've ever seen. I'm serious, this is one of the ultimate b-movies. The first proof is that it isn't a $5 DVD. Oh no, that's too mainstream for this. I got this on VHS, from a bin full of ex-rental videos at my local video store.<br /><br />If I may quote the blurb: ""In 17th Century Japan, there lived a samurai who would set the standard for the ages. His name was Mayeda. He is sent on an epic journey across the world to acquire 5,000 muscats from the King of Spain. Whilst at sea a violent storm swallows their precious gold intended to buy the weapons and almost takes their lives. Mayeda must battle all odds to survive and the secure the fate of his beloved Japan."" It then goes on to say ""A multi million dollar action adventure epic set across three continents""<br /><br />I must have seen a different movie. This was no epic, and it certainly wasn't a multi million dollar anything. No, 'Shogun Mayeda' is really just the crazy adventures of the Engrish-speaking Mayeda (Sho Kosugi). He isn't even a Shogun really, but thats not important. What is important, is that he does a really cool impression of John Cleese's repeated charging of the one castle in 'Monty Python and the Holy Grail', and his ability to go from serious scenes to showing off his samurai mind powers. Awesome.<br /><br />The greatest thing about this movie is Sho Kosugi's Engrish accent. The movie may lack nearly everything that makes a good movie, but makes up for it with some of the cheesiest lines ever, delivered by the coolest Engrish accent ever. And honestly, do you really want anything else? You could fast forward 'Shogun Mayeda' to the end, and replay Kosugi's final line over and over. The tape will probably wear out before you get tired of that one line. Awesome.<br /><br />2/10 - So very very cheesy.",Negative,Positive,0.9020185
"Yes, this was pure unbelievable condescending babble. We know that the French often have a skewed idea of the USA, it's puritanism and views towards sex. As an American (Hoosier) who lives in France, I have ample opportunity to observe these attitudes. And while some of these preconceived notions may be true, NOT ONE ELEMENT of the midwestern town portrayed in this film rang real. A man who has never had sex because he was told in high school 20 years prior that his penis is too big? Where in the world would you find that? A juke box in a bar that plays only vintage bluegrass? A town with maybe 16 people less than two hours away from Chicago, but with no major gas station, no Tvs in the home, no McDonalds, no kids... A population that knows each other's intimate details yet relentlessly gets together like one big family that hates each other. The adult males plant whoopee cushions at the local cafe, have farms but don't harvest, kill the guy they don't like in front of everyone and seem to get away with it, and all with equal emotion? The liberated French girl who will screw the 17 year old virgin boy because of her sexual generosity, the too much flesh guy who goes from getting off in cornfields by the mere breath of an Illinois breeze to helping deflower this same 17 year old farm boy? HELP! I am so baffled and astounded by the absurdity of this film that I am not expressing clearly how ridiculous it is. Go see it for the A-to-Z primer on what to avoid. Gosh, I hope I didn't ruin it for you!",Negative,Positive,0.6619319
"I know that originally, this film was NOT a box office hit, but in light of recent Hollywood releases (most of which have been decidedly formula-ridden, plot less, pointless, ""save-the-blonde-chick-no-matter-what"" drivel), Feast of All Saints, certainly in this sorry context deserves a second opinion. The film--like the book--loses anchoring in some of the historical background, but it depicts a uniquely American dilemma set against the uniquely horrific American institution of human enslavement, and some of its tragic (and funny, and touching) consequences.<br /><br />And worthy of singling out is the youthful Robert Ri'chard, cast as the leading figure, Marcel, whose idealistic enthusiasm is truly universal as he sets out in the beginning of his 'coming of age,' only to be cruelly disappointed at what turns out to become his true education in the ways of the Southern plantation world of Louisiana, at the apex of the antebellum period. When I saw the previews featuring the (dreaded) blond-haired Ri'chard, I expected a buffoon, a fop, a caricature--I was pleasantly surprised.<br /><br />Ossie Davis, Ruby Dee, the late Ben Vereen, Pam Grier, Victoria Rowell and even Jasmine Guy lend vivid imagery and formidable skill as actors in the backdrop tapestry of placage, voodoo, Creole ""aristocracy,"" and Haitian revolt woven into this tale of human passion, hate, love, family, and racial perplexity in a society which is supposedly gone and yet somehow is still with us.",Positive,Negative,0.47047123
"Let this film serve as the death knell to the ""big twist"" films borne out of the 1990s. Known in some circles as The Kyser Soze Syndrome, this cinematic slight of hand has now been done to death by M. Night Shayamalan and even Ron Howard used a variation in A BEAUTIFUL MIND. However, in REVOLVER, director Guy Ritchie (known in some circles as ""Mr. Madonna""), utilizes the Soze motif in a far more obsequious manner. <br /><br />Jason Statham (with a highly questionable head of hair) stars as Jack Green (known to all as ""Mr. Green."") He may or may not also be criminal mastermind Mr. Gold. Or, perhaps Mr. Gold is an irritable spirit who can possess members of the underworld. I'm not quite certain, but I certainly don't care. REVOLVER is one of the most overwrought examples of cinematic excess I've had the displeasure to endure in quite a long time. Witness the fractured time structure, the painful jump cuts, the ceaseless inner-monologues, and the painfully pretentious animated sequence. This ""everything and the kitchen sink"" directing style makes Quentin Tarantino's oeuvre look sedate. The cinematic smoke and mirrors only lead me to believe that Ritchie was as bored telling this trite tale as I was watching it.<br /><br />The film is filled with moments of revelation that are supposedly shocking but they only come as news to Mr. Green. I wanted to like Green as I always enjoy Stratham as a character who is two steps ahead of everyone else. Here, though, he struggles along like a remedial reader in a University English Literature class. His lack of wit is only matched by the lack of restraint shown by his nemesis, Macha (Ray Liotta). Feasting on scenery like a starving man at a smorgasbord, Liotta spits, cries, and fumes through the film in an embarrassing display of overacting and leopard print speedos. <br /><br />There are no redeeming qualities to REVOLVER. It's yet another filmic faux pas from Ritchie and might even outdo his wretched remake of SWEPT AWAY as his worst film yet.",Negative,Positive,0.57698053
"This time around, Blackadder is no longer royal(or even particularly close to being any such thing)... instead, rather a butler to the Prince Regent, portrayed by Hugh Laurie(who replaces Tim McInnerny, who presence is sorely missed, and that hole is never filled... his character had an innocent charm... while he was a bumbling and complete moron, we can't help but care for him, which isn't at all true of his replacement) as being intolerably daft(which he apparently was, according to the Trivia page), not to mention loud-mouthed and utterly non-threatening. Edmund can now do just about what he pleases, and does so. Why is he so frustrated and angry(honestly, it gets depressing at times)? Yes, his master is a buffoon, they always are. He doesn't seem to lack money, nor is he in any danger. In the second series, the Queen was mischievous and childish, and would cut off someone's head - or marry them - on a whim. Here there is simply never enough at stake for any of the conflict to be exciting and interesting. There is still commentary and even a little satire. Too often, it seems as if they thought that the history was funny enough on its own, so they merely restate it, not bothering to actually turn the facts into jokes or gags. And I can't tell you how many of them I figured out before they were done, literally more than a minute away. It's not usually a positive when you know the punchline before it is delivered. Baldrick doesn't change from last season... he's still rather pathetic and stupid, leading to ""silly"" humor. Frankly, the amount goes through the roof. Don't get me started on the gross-out stuff. The sarcastic, verbal wit can still be great, though much less of it is than before. I'd say about half of the episodes were rather amusing and downright funny, while the other three didn't really get me into them at all. I was disappointed in how predictable some of the plots and developments thereof were... I could see many of such coming a mile away. Some of the material tries way too hard to be funny and winds up coming across as incredibly forced. This continues with the tradition started by ""II"" of letting the plans work out occasionally. The theme is the worst of the bunch, the credits sequences the least creative. All in all, this is, by far, my least favorite of the four. I recommend it to fans of the franchise and of British comedy in general. 7/10",Positive,Negative,0.32449865
"This movie is not as good as all the movies of Christ I've ever seen. And I'm quite amazed that in this story Pilate wants to finish Jesus, when the Scriptures (as well the other movies) state differently. It lacks also a very important issue: The Resurrection.. None of the other movies skip this very important part: the faith of all of us Christians lies in this very event. As Paul says in one of his letters ""If Christ did not rise from the dead, our faith is vain"". A very impressive scene for me in this movie was seeing on the streets the remains of the palms that were used when Jesus entered Jerusalem. <br /><br />Finally, and in opposition to my Jewish co-commentator, Jesus WAS NOT a myth. And as a matter of fact, he was also a JEW. There are plenty of documents (relgious and secular) that prove the existence of this extraordinary man(or should I said, God become a man) that indeed changed mankind. I strongly advise him(given he is a historian) to read about Flavius Josephus, the most brilliant Jewish commentator of the 1st. Century.",Negative,Positive,0.96212655
"This is a kind of genre thing, meaning you either like the 1950s musicals or you don't. If you do, you'll love this. Personally, I prefer the 1930s and most of the '40s musicals with the dancing talents of Astaire and Rogers, and Eleanor Powell, Bill Robinson, Ruby Keeler, James Cagney, Shirley Temple and so forth but the songs of the '50s, the slower dance numbers and the soapy melodramas of the decade all turn me off.<br /><br />This film is a case-in-point. The first song was okay but the next three did nothing for me. By then, the story didn't have much appeal, either. The presence of Deborah Kerr is another minus. I don't think I've seen a movie she starred in that I liked, including this one, where the goody two-shoes English teacher she portrays spends half the movie threatening to leave Siam. (I which she had!). <br /><br />However, divorcing myself from likes-and-dislikes, there is no denying this Rogers and Hammerstein production has a lot of appeal to many folks, particularly those who liked ""The Sound Of Music"" a decade later. There are similarities in the R&H musicals. Thus, if you liked the Julie Andrews flick, you should like this, too. <br /><br />This is a Lavish production with, yes, a capital ""L."" This is the kind of big-production musicals you rarely saw after that generation. You also get the dubbed singers, unlike today, where the actress isn't able to really sing so Marnie Nixon comes to rescue of Kerr, as she did with Natalie Wood in ""West Side Story"" and Audrey Hepburn in ""My Fair Lady."" <br /><br />Yul Brynner is ""King Mongkut"" and is the stereotypical traditionalist, the kind filmmakers always portray in a negative way. He isn't ""progressive,"" as the left wingers like the say, but the education teacher (Kerr, as ""Anna Leonowens"") will set him straight. Secular-progressives of today always place teachers higher than people trying to cure cancer! However, Yul is good in this role and even employs some comedy along with his more-bark-than-bite character. Justifiably, he is the big star of this film. Brynner had magnetism. Even in ""The Magnificent Seven,"" Yul was the one cowboy who mesmerized the audience.<br /><br />In summary, it's a fine movie for its day and millions of people enjoyed it. I'll leave it at that.",Negative,Positive,0.9505138
"Stewart is a distinguished bachelor and a successful executive who is about to marry his fiancée Janice Rule but instead gets involved with a capricious, sensual art dealer (Kim Novak) who turns out to be a Greenwich Village witch Novak desires earnestly and intensely to love, but is unable to feel it...<br /><br />Stewart slowly falls in love with her, and looks for a way to free her from her witch-spell... Novak resents his well-intentioned concern, as does her Siamese cat, Pyewacket... Still, Stewart continues in his attempts to change her into a loving, feeling woman as he aspires to marry her...<br /><br />Also blocking his way are such talented supporting actors as Novak's brother (Jack Lemmon), a silly, charming sorcerer who can walk nonchalantly through walls; a terrible author who is writing a book about witchcraft; and the Head of the Association of Manhattan Witches, none other than the incredible Hermione Gingold...<br /><br />Novak's Aunt Queenie (Elsa Lanchester), unlike her other relatives, is a tender witch who accepts that nothing should prevent the course of true love... She aids and stimulates them in turning Novak into the woman of Stewart's dreams, for a happy ending...<br /><br />If you like to see a lightweight comedy about magic, fantasy and love; beautiful cinematography; stunning use of color; and with an exceptional cast; don't miss this enjoyable and amusing movie",Positive,Negative,0.4320881
Im a huge M Lillard fan that's why I ended up watching this movie. Honestly I doubt that if he wasn't in the movie i would of enjoyed it as much or even watched it but once I did watch it realize the story was pretty decent. A bad ending I must say but I did see it coming. It's a low budget movie and some of the actors weren't really good but all in all I rated this movie 7/10.<br /><br />The suspense of wondering what Lillard was actually up to was what really keeped me interested in this movie.<br /><br />Its a good rental!<br /><br />7/10,Positive,Negative,0.43964142
